rpm,vehicle_speed,engine_load,coolant_temp,battery_voltage,twin_rpm_pred,twin_temp_pred,twin_speed_pred,twin_load_pred,twin_voltage_pred,missing_can_frames,can_interval_std,attack_flag,rpm_residual,temp_residual,load_residual,voltage_residual,label
1559,45,20,109,12.615810933814613,3017,88,40,39,12.846726937305565,4,3.4291642112428296,0,1458,21,19,0.2309160034909521,4
3159,55,32,115,12.860722179889295,1693,76,19,48,12.163552831486678,1,1.715611021243073,0,1466,39,16,0.6971693484026176,2
1346,45,23,94,12.46533785984147,1174,81,81,63,11.508056623634172,4,1.959385975762669,0,172,13,40,0.9572812362072991,4
1304,101,63,76,12.425652310052573,1302,81,68,20,12.315147945540915,1,3.570484842133972,0,2,5,43,0.11050436451165879,0
2483,91,25,95,10.818246416461108,1516,83,74,60,11.594647336487622,3,2.7299707542815783,0,967,12,35,0.7764009200265143,4
1885,70,93,73,10.72059192744073,1148,91,78,43,11.404561237885565,1,0.848221770916818,0,737,18,50,0.6839693104448354,3
2815,105,82,97,11.125605751859286,1944,72,68,51,12.250669925540985,0,2.5181885108270152,0,871,25,31,1.1250641736816984,3
3938,22,97,116,11.074462294076833,1863,89,45,40,12.247761518493126,4,1.0137942400471598,0,2075,27,57,1.1732992244162936,4
1989,16,90,117,12.156270336781024,2656,74,5,33,11.913121545886582,0,1.206709633124461,0,667,43,57,0.2431487908944412,2
3865,117,57,71,12.180600181576208,3778,74,19,76,12.418331290219395,2,0.9039478212988064,0,87,3,19,0.23773110864318703,0
3964,75,86,81,13.332403728050604,988,82,105,24,12.918986976564169,3,1.5592885225312028,0,2976,1,62,0.41341675148643553,4
1373,29,89,90,13.474921770861792,2134,80,69,28,12.036437882558166,4,3.578002355400485,0,761,10,61,1.438483888303626,4
2313,105,31,113,13.124678999235798,3791,91,55,70,12.486560952858055,3,3.4598153140750236,0,1478,22,39,0.6381180463777429,4
1539,81,52,79,13.236665516519437,2888,92,47,38,12.738293490621238,2,2.2498015354656054,0,1349,13,14,0.49837202589819896,2
957,4,44,100,11.349612643305584,2016,83,27,52,11.670715586168601,4,3.253077632290005,0,1059,17,8,0.32110294286301766,4
2453,24,62,109,10.583924849277032,3485,79,110,20,11.848428274279055,1,0.10901051806629214,1,1032,30,42,1.2645034250020224,4
3773,67,97,106,11.929980451025665,1609,81,100,78,11.714279324719193,3,3.9195814634899278,0,2164,25,19,0.2157011263064721,4
979,72,51,105,11.11703884910122,1321,73,40,77,12.817209409355867,3,2.938259512803396,0,342,32,26,1.7001705602546462,4
1250,77,78,96,12.521377291581615,3243,79,95,70,12.443332296136267,4,3.425599396440663,0,1993,17,8,0.07804499544534771,4
1789,48,38,104,13.214199057575348,1467,91,72,79,11.791943710767013,3,2.1214016170666765,0,322,13,41,1.4222553468083348,4
3388,53,77,96,12.91974137146258,955,92,116,51,11.733761219447759,4,0.832122429517868,0,2433,4,26,1.185980152014821,4
765,41,67,77,11.566851045980423,709,82,34,23,12.422114857205703,0,2.4818398521721066,0,56,5,44,0.8552638112252797,0
2370,16,58,87,11.954091795478439,1015,80,22,70,12.54856293199452,1,3.2165205880545638,0,1355,7,12,0.5944711365160806,2
2784,96,80,105,11.82597402574224,2088,79,65,79,11.018683436497279,1,3.334145532917776,0,696,26,1,0.8072905892449622,2
1473,76,72,101,12.105985900802597,3764,78,62,55,12.220161516348094,2,1.6166192269403807,0,2291,23,17,0.11417561554549671,2
2108,42,39,92,11.005229331376741,3470,90,59,60,11.057087877093515,3,0.490262219003311,0,1362,2,21,0.051858545716774174,4
3871,114,40,85,12.739089069995675,1187,84,81,74,12.016506659298953,2,0.647630471037091,0,2684,1,34,0.722582410696722,2
3406,70,20,106,12.761130762825319,2941,87,98,51,12.276437743371595,2,3.214972935703166,0,465,19,31,0.484693019453724,2
1208,21,46,113,12.812925324371186,3275,82,6,38,12.334556799975076,4,2.0037609823736013,0,2067,31,8,0.4783685243961102,4
3733,11,47,83,11.175849561737266,1622,76,106,45,12.079242691656384,2,1.3575850904052476,0,2111,7,2,0.9033931299191185,3
688,77,56,97,13.22240833059072,3725,72,39,29,12.372155165680624,3,3.165288282183686,0,3037,25,27,0.8502531649100966,4
723,66,78,91,12.515217639439461,2951,81,42,62,11.779735445995732,2,0.13859921963951827,0,2228,10,16,0.7354821934437297,2
1672,5,49,111,10.964687238449876,2178,86,86,35,12.929065942473985,4,2.4950944399664206,0,506,25,14,1.9643787040241083,4
2414,39,43,117,13.190321171314228,1941,91,88,32,11.5916870807324,0,1.2439567002440244,0,473,26,11,1.598634090581827,3
955,11,62,89,12.933555742796145,1359,84,98,76,11.173606499939588,0,1.2010123593895923,0,404,5,14,1.7599492428565569,3
3351,2,26,89,11.628317481964613,2870,92,77,65,12.09680610382251,0,0.6942574078212331,0,481,3,39,0.4684886218578974,2
3783,116,52,86,12.814261775657265,3794,73,35,48,12.737820247495552,4,3.834625336242367,0,11,13,4,0.07644152816171257,4
2694,97,48,91,11.739238843081168,2721,89,96,21,11.584643324754621,3,1.2579487299188612,0,27,2,27,0.1545955183265466,4
1596,58,42,94,11.759050198504173,2718,73,44,45,11.20673387861015,4,1.9671732955005714,0,1122,21,3,0.5523163198940235,4
3164,80,57,79,12.71849985100034,2936,73,35,42,11.8384020301797,3,0.7019106511095834,0,228,6,15,0.8800978208206391,4
978,118,78,91,11.20144262478427,1106,76,109,72,11.850257824343263,2,0.949922351851443,0,128,15,6,0.6488151995589924,3
3833,19,76,98,10.765656214399204,1999,84,78,42,11.234289595447587,3,3.879473594253932,0,1834,14,34,0.4686333810483827,4
2809,85,86,94,11.951165634746362,3749,79,42,60,12.789110790778556,3,3.1435904099157868,0,940,15,26,0.8379451560321947,4
2918,67,67,101,11.784290419047505,3062,77,74,32,12.539909742377734,4,3.4226259442244773,0,144,24,35,0.7556193233302295,4
3523,36,35,109,12.732704690664523,799,79,62,74,12.619040935271176,1,0.22906551226261662,0,2724,30,39,0.11366375539334683,2
2650,44,96,89,10.50073769367604,3012,83,22,42,11.305129816729949,3,2.3142573601410987,0,362,6,54,0.8043921230539084,4
3676,113,69,116,10.622974943184651,3791,89,102,70,11.48912095591691,4,2.2703813893028313,0,115,27,1,0.8661460127322584,4
3310,3,25,105,10.849007551118184,3490,73,34,46,12.807698926984338,1,3.854934937835887,0,180,32,21,1.9586913758661542,3
2982,2,92,95,12.590732675288823,2774,87,21,68,12.881071994205685,3,3.4088150586622987,0,208,8,24,0.29033931891686215,4
3733,30,60,87,11.638262752677997,2967,90,35,74,12.968610084167711,0,3.555940745511455,0,766,3,14,1.3303473314897136,2
668,24,42,88,10.99488976383146,986,81,61,28,12.032280016408265,0,0.8275481308421306,0,318,7,14,1.0373902525768042,3
1532,9,26,97,12.649315925031587,1377,70,45,42,12.976935005957865,4,1.134051402723033,0,155,27,16,0.32761908092627756,4
3455,31,81,76,12.86932774277699,2434,91,54,70,12.738215096866652,1,3.4514847315001096,0,1021,15,11,0.13111264591033844,2
1562,18,57,100,11.051076349085097,2612,93,64,36,11.278671113488834,0,0.679600288355426,0,1050,7,21,0.2275947644037366,3
1727,63,93,118,11.533406133219366,2047,79,18,75,11.726347117695555,0,1.345751425356155,0,320,39,18,0.19294098447618957,2
2394,89,26,71,10.5208031002106,3140,75,106,27,12.985087610543749,2,1.6287188840316653,0,746,4,1,2.464284510333149,3
2799,74,82,119,11.942146292350706,3454,79,75,57,11.356633930483982,0,0.9571689834262544,0,655,40,25,0.5855123618667246,2
2173,10,60,112,10.555847158260084,3440,76,28,34,12.803309486076808,3,0.5293034494200408,0,1267,36,26,2.2474623278167236,4
2649,23,74,94,12.393973477472695,3031,89,98,67,11.000847434089259,4,0.1033012309867063,0,382,5,7,1.393126043383436,4
1746,54,83,72,13.231008083561061,1209,74,5,36,12.10452456979334,4,2.702516792845714,0,537,2,47,1.126483513767722,4
1469,33,36,71,11.632141448765177,1560,84,73,27,12.03945723182203,1,1.9925709567898693,0,91,13,9,0.4073157830568537,0
2899,70,37,100,12.965470512103906,2485,92,25,49,12.86031474533408,4,3.963315701601109,0,414,8,12,0.10515576676982619,4
2273,109,88,109,13.422585714843166,3133,91,12,34,12.878056015572785,0,3.959225134024243,0,860,18,54,0.544529699270381,2
2453,18,93,105,12.935235014245944,3249,73,95,73,12.049348788606594,3,2.101668295390535,0,796,32,20,0.88588622563935,4
3095,83,26,75,10.778436582071585,2777,74,117,28,11.362790574377556,3,1.2847285956240047,0,318,1,2,0.5843539923059708,4
2547,43,86,109,10.519566915042168,2129,87,14,54,12.115719707979395,1,2.8822566382610737,0,418,22,32,1.596152792937227,3
3880,69,65,98,12.580627759573925,3745,87,57,42,12.45441419796845,2,1.1076879869575542,0,135,11,23,0.12621356160547492,1
2552,41,44,93,11.331521028253508,1820,78,34,67,12.316834590608506,3,1.1725212902332491,0,732,15,23,0.9853135623549978,4
2824,56,77,81,12.80205296950955,2960,93,15,26,12.388244703494102,2,2.591762001829659,0,136,12,51,0.4138082660154474,1
2587,98,53,70,12.590278118470346,793,79,8,29,12.027657914467419,3,1.202858859800156,0,1794,9,24,0.5626202040029273,4
791,100,55,119,13.448796322857023,1576,71,77,42,11.20581183853324,1,3.946314108246875,0,785,48,13,2.2429844843237827,3
1987,44,63,93,11.456066324731225,3723,86,16,73,12.928785213316036,2,2.73967826611955,0,1736,7,10,1.4727188885848115,3
3020,63,50,71,11.390654808948272,2415,90,70,63,11.686773960264269,2,0.04420943916587827,0,605,19,13,0.2961191513159971,3
1959,78,39,72,12.096945833768917,1805,73,106,40,11.185508597669077,3,1.4753970617718322,0,154,1,1,0.9114372360998395,4
2389,99,38,86,11.338197361274501,3463,83,29,56,11.233037097359885,2,1.8252575929234967,0,1074,3,18,0.10516026391461608,3
2522,95,45,116,11.15425022938559,3340,73,22,61,12.170122570728767,4,3.0090912636026106,0,818,43,16,1.0158723413431758,4
3245,56,60,74,11.60850431100361,1564,93,87,50,12.369967500768755,0,2.0550666503920576,0,1681,19,10,0.7614631897651449,2
3315,20,66,94,13.06537847244918,1500,84,41,69,12.296816953514984,4,3.5443061914125655,0,1815,10,3,0.7685615189341952,4
1214,110,92,93,12.987239847154923,1376,87,54,49,12.028072118696242,2,0.32485397048145437,0,162,6,43,0.9591677284586808,2
3083,62,56,119,12.482868080631437,1409,75,110,31,11.743379370562971,1,0.3306733600876588,0,1674,44,25,0.739488710068466,2
945,59,88,110,11.421963158810803,2807,77,21,70,11.451116690530247,2,1.0085089485740522,0,1862,33,18,0.02915353171944446,3
3389,101,96,95,11.9927381719549,1184,94,12,61,12.518922809519076,0,2.7769459974246646,0,2205,1,35,0.5261846375641763,2
1151,33,47,92,12.399937705887966,1229,77,54,64,12.888032342677452,0,3.2546300436860873,0,78,15,17,0.4880946367894854,1
1309,29,44,82,11.143409118064461,3786,83,61,46,12.871511862824386,0,0.3711689774532112,0,2477,1,2,1.7281027447599246,3
1668,82,64,93,10.829316838790682,1186,91,118,25,12.800325278744207,1,0.48491300762616385,0,482,2,39,1.9710084399535255,3
1910,58,86,105,10.94771898590276,2701,79,102,62,11.80748083528949,0,3.3856500938186187,0,791,26,24,0.8597618493867305,3
3254,117,97,94,11.873990886746984,2085,87,60,57,11.491348501635247,0,2.1592224827437883,0,1169,7,40,0.38264238511173687,2
2671,57,51,86,11.99631605148925,3436,73,17,32,11.33956132489897,3,1.7061788621598915,0,765,13,19,0.6567547265902807,4
3650,57,39,84,12.029909698346378,3036,73,76,59,12.337078241172323,2,0.4892678771819101,0,614,11,20,0.30716854282594497,2
3383,5,35,107,10.862649078820658,1689,81,13,73,12.673843882476152,4,2.7196421724670286,0,1694,26,38,1.8111948036554946,4
2146,51,83,111,12.527693482188443,3173,78,66,69,12.104115960011242,3,3.27225218925897,0,1027,33,14,0.4235775221772009,4
947,107,33,105,10.804119300572339,906,87,83,21,12.733922634543525,3,2.0560680749433744,0,41,18,12,1.9298033339711864,4
3502,117,94,119,10.528182065305591,1280,84,37,39,12.706708150037072,0,2.1187132640150352,0,2222,35,55,2.1785260847314802,3
1133,3,44,95,13.24792755714964,3213,81,29,49,12.062581562986093,2,2.617763463781644,0,2080,14,5,1.1853459941635478,2
1408,45,82,88,12.70767008827408,1189,78,115,44,12.465165294492932,4,0.055154213088131065,0,219,10,38,0.24250479378114775,4
1418,42,63,88,11.72230254715117,3660,94,59,60,11.900053662941602,4,1.5312444510225727,0,2242,6,3,0.17775111579043212,4
2253,112,42,102,11.82766714553911,3126,74,6,42,11.6397762976407,3,3.3261070553089276,0,873,28,0,0.1878908478984087,4
2115,61,31,80,13.060440329480912,1142,71,53,34,12.915574061477386,4,3.6483680166363,0,973,9,3,0.14486626800352553,4
1121,36,51,94,12.66319035003036,1312,86,52,56,12.858894825366963,3,2.174453851811216,0,191,8,5,0.19570447533660307,4
1924,89,79,93,12.689047053977054,3242,78,113,50,12.007517731516385,2,2.886270469905089,0,1318,15,29,0.6815293224606691,2
2851,54,83,85,12.615191810369744,2335,90,89,48,11.729851082581222,3,3.8452636462828607,0,516,5,35,0.8853407277885221,4
3148,7,47,86,11.271281576271138,3760,94,25,22,12.272139287400268,1,1.5230377028305506,0,612,8,25,1.0008577111291306,3
1059,97,57,91,12.773631108681656,2126,77,29,76,12.509722049413178,0,3.8490152596772456,1,1067,14,19,0.2639090592684781,4
1688,17,81,80,10.656532358355403,2113,84,30,46,11.093793477274463,3,3.5827499484879173,0,425,4,35,0.4372611189190607,4
1787,39,56,89,11.403957150011406,3312,75,0,48,12.235323538379422,2,0.545767815437749,0,1525,14,8,0.831366388368016,3
1478,9,62,83,10.58214538036381,3161,70,111,58,11.825180576699804,3,3.4751970720249927,0,1683,13,4,1.2430351963359936,4
1089,93,75,108,12.457323464583016,2675,73,69,50,11.066179469803751,3,1.4296392350096836,0,1586,35,25,1.3911439947792648,4
1207,60,49,75,11.476153386795245,3453,87,98,50,12.887158965152773,3,1.2204363195172743,0,2246,12,1,1.4110055783575284,4
3246,13,25,86,11.733234415108743,2306,71,94,78,12.682131871737685,4,3.2803325517671724,0,940,15,53,0.9488974566289414,4
3203,102,70,96,12.076117120278706,1959,89,33,34,11.731110281510269,3,1.5797668501588107,0,1244,7,36,0.3450068387684375,4
2307,81,53,75,11.74904981813635,2324,77,75,51,12.479979259297536,3,2.2071818582532523,0,17,2,2,0.7309294411611873,4
3840,9,47,103,11.898449583324522,1439,90,36,56,11.72220612579886,0,0.23544278921678963,0,2401,13,9,0.17624345752566306,2
3772,6,99,109,10.80724057080514,1124,88,92,74,12.61685304333774,0,3.2453560151129186,0,2648,21,25,1.8096124725325993,3
2297,67,97,83,11.213148296845516,2406,79,5,39,12.41255017411881,3,2.597031914541175,0,109,4,58,1.199401877273294,4
3162,31,62,85,11.027811192454829,1578,94,61,37,11.18129660511367,3,3.8042882663873465,0,1584,9,25,0.15348541265884208,4
665,4,49,101,11.348167852425124,874,86,58,68,11.01820054384724,0,3.921736016500948,0,209,15,19,0.3299673085778849,3
3034,80,88,99,10.594022981828518,1210,92,59,74,11.07727586604436,2,3.070112087324906,0,1824,7,14,0.4832528842158421,3
2653,34,27,103,12.756899239020452,2075,89,96,28,11.173626876589076,0,1.3415049924067257,0,578,14,1,1.5832723624313765,3
3413,54,56,75,13.363626542976235,2241,74,91,41,12.103849586919655,2,1.404811269110398,0,1172,1,15,1.2597769560565801,2
1887,86,79,115,12.674543050235435,1600,92,72,66,12.66678106255939,2,0.9197172934560607,0,287,23,13,0.007761987676044413,2
2782,44,68,109,11.817056051742146,2779,85,36,75,12.210087689012452,1,3.5130377234516983,0,3,24,7,0.39303163727030643,2
1230,75,53,86,11.526975133004239,1340,94,48,31,11.118849761978556,2,2.0798850774622264,0,110,8,22,0.40812537102568314,0
2542,57,33,115,11.358288169272175,2611,74,10,34,12.426594716827497,4,3.917196711384124,0,69,41,1,1.0683065475553217,4
3442,102,89,112,12.02170171680033,1371,74,54,56,11.247533204144853,4,1.181330804716823,0,2071,38,33,0.7741685126554767,4
3199,6,37,84,11.81094679558323,1251,84,69,20,11.443428604194802,3,0.09948612887790809,0,1948,0,17,0.3675181913884291,4
3164,13,89,73,13.354792197728074,3672,70,48,59,11.928933173711991,0,2.4731302625418654,0,508,3,30,1.4258590240160824,2
3155,9,95,94,10.55591382330202,2804,81,84,32,12.07825521609632,2,1.4558793360389783,0,351,13,63,1.5223413927942993,3
1367,82,71,72,11.023079704105013,1213,83,70,34,11.538296543642689,2,0.8555271688334058,1,154,11,37,0.5152168395376755,4
2624,36,41,94,10.67747585518384,1894,83,99,77,11.048008953888752,2,1.909609634326543,0,730,11,36,0.3705330987049127,3
1511,25,71,104,12.246485959821051,3315,84,85,67,12.387566351511722,1,0.9550045435720387,0,1804,20,4,0.14108039169067155,2
1267,36,46,102,12.468102375939804,1853,94,81,22,11.1823985429974,1,0.7967582086781224,0,586,8,24,1.2857038329424029,2
3479,108,91,105,10.84976122749526,1897,84,35,31,12.835029069946204,2,2.570589131678725,0,1582,21,60,1.9852678424509431,3
1500,50,33,77,11.938341684043012,2710,82,103,74,12.91338135750242,1,2.5576465376536675,0,1210,5,41,0.975039673459408,2
644,24,23,109,12.378480422598246,2253,85,119,63,11.423710785936295,4,0.9669434306676115,0,1609,24,40,0.9547696366619505,4
1018,114,67,110,12.838701749034975,2389,88,3,42,12.428401340714949,0,0.9229083945930547,0,1371,22,25,0.4103004083200261,2
2889,31,29,89,13.153835867656364,2357,79,85,36,12.678844105829318,0,1.835152869533327,0,532,10,7,0.47499176182704517,2
2813,71,66,104,11.511030333771288,1946,72,43,69,11.339137655600839,4,0.9617266401027975,0,867,32,3,0.1718926781704493,4
3656,95,54,102,12.466790004015264,2629,88,86,68,12.166326525594979,0,3.775234414949596,0,1027,14,14,0.3004634784202853,2
825,113,62,72,12.583717504661106,2226,74,77,41,11.845702648724458,3,1.4582357810178674,0,1401,2,21,0.7380148559366475,4
977,94,37,95,12.593375052623735,3359,88,92,64,12.033596948017616,2,3.5022740846519853,0,2382,7,27,0.559778104606119,2
3175,24,43,77,13.14686835762947,2770,81,118,57,11.276875611412173,1,1.3225553252482034,1,405,4,14,1.8699927462172976,4
1168,5,51,117,11.234999070709828,895,92,85,36,11.07955105139856,3,2.487054206968026,0,273,25,15,0.15544801931126706,4
2021,53,44,87,12.667527118718866,1664,83,0,47,12.774208122904868,1,3.133418291220026,0,357,4,3,0.10668100418600268,1
2786,101,84,102,12.977846902946341,2449,93,4,37,12.6313789309168,4,2.2117284869226546,0,337,9,47,0.3464679720295418,4
3555,101,62,80,10.73209530894678,1255,94,79,72,11.719107873156046,1,1.9823836443043361,0,2300,14,10,0.987012564209266,3
2622,11,34,71,11.602780016636283,2443,73,45,20,11.35856896284275,0,3.182002025383081,0,179,2,14,0.24421105379353314,0
3708,6,30,108,13.18442515772622,1181,82,118,63,11.564045448717318,4,2.3870935464337593,0,2527,26,33,1.620379709008903,4
1943,113,80,87,10.764118891040718,830,93,51,66,12.005028470974167,0,3.406242008430319,0,1113,6,14,1.240909579933449,3
799,95,51,83,12.443642384089438,2845,74,99,31,11.33952521914129,1,3.395937584926351,0,2046,9,20,1.104117164948148,2
891,44,94,84,11.17253643230541,2956,73,37,21,12.878937603154291,4,1.6874094731147826,0,2065,11,73,1.7064011708488813,4
992,44,79,85,10.618938992071778,1559,86,67,75,12.246494447891935,2,2.068979588882363,0,567,1,4,1.6275554558201577,3
3887,17,30,115,11.113173448445414,1590,77,64,71,11.235511931658738,0,1.252278129943054,0,2297,38,41,0.12233848321332452,3
3522,37,80,88,11.668849552528695,2672,93,16,67,12.833731277004556,0,3.062300617682968,0,850,5,13,1.1648817244758618,2
2879,78,71,78,12.889407706663913,1063,80,4,55,12.952760871179866,2,2.864397483650971,0,1816,2,16,0.06335316451595219,2
2974,19,89,96,12.51273765167838,3512,73,87,70,11.969272707803299,0,3.7448094129149982,0,538,23,19,0.5434649438750814,2
2812,11,60,109,13.39892275916257,1315,79,46,46,12.092771119392403,1,0.20159976794978274,0,1497,30,14,1.3061516397701673,2
2291,65,83,119,11.895498438807646,3536,86,8,31,12.817367935271701,0,1.8150225587439728,0,1245,33,52,0.9218694964640548,2
894,54,28,73,13.434991883634865,2906,71,105,77,12.378811145387132,2,0.09040560531829822,0,2012,2,49,1.0561807382477326,2
3713,82,86,103,13.38368682804234,3646,79,52,20,11.445768562700783,1,0.03357673699908936,0,67,24,66,1.9379182653415565,3
2232,42,49,113,13.029756055349836,873,80,35,60,12.941329267075615,4,1.3410031686341979,0,1359,33,11,0.08842678827422112,4
1920,29,93,119,11.979637825607846,693,70,23,24,11.000560948715254,3,3.674187334534558,0,1227,49,69,0.9790768768925915,4
1185,44,85,85,12.32095214878227,665,72,85,75,12.39702311532363,1,1.213319124722517,0,520,13,10,0.07607096654136036,2
2687,77,66,76,10.991058084853409,3432,84,45,40,11.573740868384231,1,0.9780905326482929,0,745,8,26,0.5826827835308226,3
916,61,67,70,13.098999361702102,3561,82,13,57,12.182935334507416,0,1.4590647989144028,0,2645,12,10,0.916064027194686,2
978,9,89,78,12.095113583601545,706,86,62,58,11.227698072895365,0,3.793932919175111,0,272,8,31,0.8674155107061807,2
911,32,40,72,12.436959261473572,1671,78,23,74,11.744136541149468,4,0.9163564478103163,0,760,6,34,0.692822720324104,4
1837,119,62,73,10.569863316831833,1375,92,115,66,12.857587076946313,2,0.15480327487466283,0,462,19,4,2.2877237601144795,3
3521,34,77,116,12.925658461308581,1185,89,39,26,11.111174573803236,0,0.30859578229687834,0,2336,27,51,1.8144838875053448,3
2653,37,49,100,13.111676860502607,3366,70,96,35,12.526630909992251,0,2.9171542585108354,0,713,30,14,0.5850459505103558,2
3177,2,56,106,12.413825671774612,2828,87,50,34,11.02130497069031,4,2.2810039268666764,0,349,19,22,1.3925207010843028,4
1544,96,76,105,12.512202902642695,3466,94,10,59,12.840431381236701,4,3.7485163476283323,0,1922,11,17,0.3282284785940064,4
1168,83,25,76,12.107410216024533,2790,71,108,40,12.427616868506401,0,0.6836931245377547,0,1622,5,15,0.3202066524818683,2
2323,59,46,99,12.7582125358248,1573,88,98,72,11.184705853343436,0,2.904378833818441,0,750,11,26,1.573506682481364,3
3669,21,24,71,12.056333943647541,2183,78,15,49,12.532836076880763,0,2.936999629031415,0,1486,7,25,0.47650213323322177,2
1314,27,36,97,12.826930981354089,3319,79,6,25,11.08961329478459,3,1.2115638268740914,0,2005,18,11,1.737317686569499,4
3908,87,98,95,11.720754928532529,3017,74,25,54,12.080053595532167,1,3.5058138792071953,0,891,21,44,0.3592986669996385,2
3417,73,57,70,11.909062764762043,3627,91,29,50,11.004272720727915,0,1.4735677595309515,0,210,21,7,0.9047900440341277,1
2919,28,82,80,11.945472768113724,2602,82,47,61,11.224233221525708,0,2.4430481437015397,1,317,2,21,0.7212395465880164,4
1709,14,85,97,12.28560339011262,772,77,36,23,12.682467149553503,3,0.12977199642860437,0,937,20,62,0.39686375944088326,4
3335,6,46,113,11.32293261671004,1626,73,106,37,11.935998736568722,2,0.4991992500343434,0,1709,40,9,0.6130661198586829,3
3682,39,94,91,10.547548263722023,2881,81,8,28,11.856313615837092,2,1.660897151991477,0,801,10,66,1.3087653521150688,3
3031,49,42,74,11.8633344715885,3264,73,19,62,12.101938967118498,1,3.431297122858375,0,233,1,20,0.23860449552999796,1
3896,56,45,106,10.799341882126836,2311,93,119,52,11.392436612822019,2,0.06099945865233991,0,1585,13,7,0.5930947306951833,3
3377,38,82,119,10.570749334845136,1964,84,29,66,11.744057533266199,4,2.398981461644163,0,1413,35,16,1.1733081984210632,4
1553,103,40,80,13.164880096899221,2793,93,31,25,11.115635955258911,0,2.318290997060592,0,1240,13,15,2.04924414164031,3
625,28,96,107,12.909807183069383,754,93,39,26,11.95888789581239,4,1.8741045013958848,0,129,14,70,0.9509192872569923,4
857,19,49,92,13.325971407455482,656,80,69,74,11.747206520094604,2,3.4731629887112643,0,201,12,25,1.5787648873608777,3
1837,42,90,118,12.702111101612898,3217,90,79,45,11.844580791444367,2,0.43090436619034955,0,1380,28,45,0.8575303101685314,2
1321,118,68,113,11.19362937671256,1816,71,68,28,12.538472942771932,2,3.4661357676516014,0,495,42,40,1.3448435660593727,3
915,75,71,82,10.510724137396192,623,86,84,28,11.031122893774375,0,3.4798746900054,0,292,4,43,0.5203987563781833,3
1429,27,55,80,12.34302529855033,1044,75,2,69,11.552425471639872,3,2.5294534880844286,0,385,5,14,0.7905998269104586,4
2440,28,26,82,11.839260142487165,2444,78,115,38,11.930401616455436,0,3.1970339770207175,0,4,4,12,0.09114147396827121,0
2043,32,94,111,11.003314712889864,2735,92,42,71,12.16915236786717,1,3.291985600417906,0,692,19,23,1.165837654977306,3
3921,26,88,113,11.634720051991106,957,85,19,21,12.375828041044796,4,0.23217648769727806,0,2964,28,67,0.74110798905369,4
2721,54,97,83,12.431642223807552,3318,84,68,52,11.579491061584628,4,1.5071811595270748,0,597,1,45,0.8521511622229241,4
3725,6,23,101,13.155799492772038,2069,70,91,69,12.447267967781846,1,3.618380051370322,0,1656,31,46,0.7085315249901925,2
1671,60,82,83,10.683795340339739,2272,72,54,58,12.06785786909937,0,0.1688588985624171,0,601,11,24,1.3840625287596318,3
2539,19,45,112,11.58405050635542,3460,94,65,23,11.597498113172463,3,2.8014301506699666,0,921,18,22,0.013447606817043933,4
2831,83,55,90,10.553095797266469,2719,74,92,34,11.14960390069309,1,1.4575652271601784,0,112,16,21,0.596508103426622,3
2372,3,34,113,11.531126111260788,1879,72,32,63,12.687159245846761,4,1.1902584242932033,0,493,41,29,1.1560331345859733,4
1424,111,85,92,11.47975762524832,3081,70,84,35,12.404590404386449,0,3.937075274459508,0,1657,22,50,0.9248327791381286,3
910,102,63,75,10.785670340022891,1974,74,109,24,11.76464044069925,3,0.9951759135468428,0,1064,1,39,0.9789701006763583,4
3805,84,42,116,10.667984803422913,827,72,9,45,11.922688126750637,0,1.9714356895678038,1,2978,44,3,1.2547033233277247,4
3438,37,96,109,12.256102742562746,2350,76,77,41,11.83056328373572,1,3.917288870349488,0,1088,33,55,0.42553945882702493,2
3211,115,71,85,11.585088291494039,1341,91,97,50,12.092771393156589,3,1.3764506859621104,0,1870,6,21,0.5076831016625505,4
2431,92,37,114,12.45985323731404,2168,87,60,31,12.169814441181048,2,2.0082079034138522,0,263,27,6,0.29003879613299155,2
965,64,30,115,13.462588225693944,941,89,13,61,12.10356053655492,0,2.5351721991897564,0,24,26,31,1.3590276891390243,2
1430,88,30,109,11.589144374525743,3202,80,18,66,12.34421874369048,4,0.494464280107096,0,1772,29,36,0.7550743691647366,4
3883,9,25,102,12.416093104742757,3061,79,88,57,11.901022694853221,0,2.2647656416018487,0,822,23,32,0.5150704098895353,2
1286,7,34,117,11.74610555735947,1222,83,77,74,11.458752939647894,0,0.9734139794238277,0,64,34,40,0.2873526177115764,2
1217,51,78,76,12.528667918561265,2508,75,35,32,11.87291491186732,0,2.1356653552842357,1,1291,1,46,0.6557530066939457,4
2907,61,43,108,12.285526060044894,3445,85,14,39,11.563776632725206,3,1.40355904765258,0,538,23,4,0.721749427319688,4
1820,87,64,102,11.616821855438225,866,70,73,65,11.614375889996003,0,0.9863523844184803,0,954,32,1,0.0024459654422219756,2
3170,75,97,79,10.641859611790526,2356,75,86,78,11.115124255349821,3,3.237682627314498,0,814,4,19,0.4732646435592951,4
1315,54,33,91,11.827508466798843,2570,89,95,77,12.817811601535608,0,0.8232497261211282,0,1255,2,44,0.9903031347367648,2
1582,26,78,92,13.167348218125209,3077,91,11,45,12.641819360721357,3,2.6928952359280527,0,1495,1,33,0.5255288574038524,4
1960,89,74,101,13.18672939776842,2068,74,112,48,11.922715877141941,2,1.7171272243958278,0,108,27,26,1.264013520626479,2
2116,12,24,117,13.033556938670396,3402,83,112,27,11.335474053431458,4,0.7149898050023848,0,1286,34,3,1.6980828852389376,4
1944,4,81,101,11.375163812452744,606,91,10,35,12.226517162361887,3,3.99303039014717,0,1338,10,46,0.851353349909143,4
1011,18,29,93,13.412362100530146,2852,85,50,43,11.054390792752567,4,1.132601812515385,0,1841,8,14,2.3579713077775786,4
2266,35,62,107,11.127070823590726,1361,72,82,73,11.440917056549463,4,3.7338640183718854,0,905,35,11,0.3138462329587366,4
1527,81,88,108,11.18938002794081,896,71,69,42,12.801683013520012,1,2.454556659711094,0,631,37,46,1.612302985579202,3
1527,73,43,100,11.677052237875722,2206,90,13,42,11.029918517293305,0,2.331934317338401,0,679,10,1,0.647133720582417,2
1109,31,36,110,10.672088266394637,1952,91,74,36,12.74489387676164,2,2.507425720091452,0,843,19,0,2.072805610367004,3
2231,44,65,111,10.696672996388546,851,79,15,68,11.839384136027647,2,0.95989548692621,0,1380,32,3,1.1427111396391005,3
2932,63,65,97,12.254614985415131,3133,94,15,33,11.1824573291073,3,0.9788950235646863,0,201,3,32,1.07215765630783,4
2264,50,45,80,10.790379424206991,965,86,117,56,12.014335032722803,1,3.971850814469245,0,1299,6,11,1.223955608515812,3
2291,116,26,115,12.680911895435964,3063,89,87,53,12.918561649781847,2,1.7125067908787037,0,772,26,27,0.23764975434588287,2
1743,78,84,74,13.497943975203865,2682,80,60,46,12.89859488909729,2,0.5384595965269545,0,939,6,38,0.5993490861065762,2
1648,7,45,97,12.006915448727371,2719,82,96,53,11.321795007470323,0,3.724124978549988,0,1071,15,8,0.6851204412570482,2
2450,63,59,91,11.184872768743602,1267,88,46,50,12.849140064635042,0,0.7408242301260772,0,1183,3,9,1.66426729589144,3
3302,24,23,104,10.50794260757291,1852,89,36,22,12.936726045695485,2,0.32727905163943394,0,1450,15,1,2.4287834381225757,3
3771,87,42,71,11.701820540064787,717,73,81,52,11.40599255921034,1,3.9779828937130097,0,3054,2,10,0.2958279808544475,2
1521,83,21,89,12.690619443917994,838,91,85,41,12.29665393083515,3,3.3981544850412955,0,683,2,20,0.39396551308284344,4
2012,109,58,116,13.118369468905449,809,87,10,74,12.449986867225268,2,1.74335213469555,0,1203,29,16,0.6683826016801806,2
2670,83,30,87,12.881671774564166,1526,78,58,70,12.129291767133866,1,0.6844701265097215,0,1144,9,40,0.7523800074303004,2
2756,49,69,81,12.849048160989303,1487,83,108,46,12.651564192305566,1,2.6387992375344647,0,1269,2,23,0.19748396868373774,2
1236,115,95,114,11.362113271201768,3305,75,69,28,12.801624023655524,4,3.458499568788432,0,2069,39,67,1.4395107524537565,4
2152,67,43,114,11.05373247641129,3545,72,51,74,11.537876722840373,4,3.2841228096603134,0,1393,42,31,0.48414424642908394,4
1426,89,64,112,11.520968915606627,3306,74,54,39,12.68700553046278,0,3.714885188832577,0,1880,38,25,1.1660366148561536,2
3077,7,24,109,10.701425215979949,999,84,68,61,12.51451671311904,3,2.688947299499603,0,2078,25,37,1.8130914971390908,4
738,117,97,119,10.788920524386723,2901,71,28,30,11.367393343186787,3,3.378109625215155,0,2163,48,67,0.5784728188000638,4
3615,73,84,102,10.869077695925679,1026,90,18,32,11.075808862469824,0,1.984232545460522,0,2589,12,52,0.20673116654414514,3
1555,4,63,92,11.779972928151809,3744,71,0,71,12.395560338283369,0,1.5903219730928773,0,2189,21,8,0.6155874101315604,2
2168,118,49,77,12.304896930252735,2008,94,104,62,12.68280777786006,1,3.8974509934527046,0,160,17,13,0.37791084760732474,0
3345,81,52,105,12.794015730288315,2093,73,76,58,12.339965358060967,3,0.27408770314689335,0,1252,32,6,0.4540503722273481,4
1097,119,92,85,11.403087365580522,656,76,27,53,12.560432485388423,1,3.1062448873239634,0,441,9,39,1.1573451198079017,3
643,21,68,95,12.494188115983858,1851,71,77,69,11.871986831315368,4,2.234127305500706,0,1208,24,1,0.6222012846684901,4
3105,36,83,107,12.93645483169499,2319,84,1,79,12.661906983835957,3,3.9777994117564752,0,786,23,4,0.27454784785903286,4
1476,35,86,114,12.56601259796532,1153,76,103,20,12.973967973382619,3,2.253871887138978,0,323,38,66,0.4079553754172984,4
2395,98,70,73,11.104998091413647,2084,85,35,28,11.661864240977993,4,0.4431020773409067,0,311,12,42,0.5568661495643461,4
1050,73,92,103,12.137492480224225,1134,76,20,79,11.59700482949855,4,3.9827269114374824,0,84,27,13,0.5404876507256748,4
2211,11,47,91,12.55613423939195,2702,71,115,47,12.361003306299114,0,0.32367222813276086,0,491,20,0,0.1951309330928357,2
3075,46,59,119,10.944625088787369,3657,76,56,48,12.919458327889252,3,1.0744387753663598,0,582,43,11,1.9748332391018835,4
3230,59,26,106,11.327621071824181,2866,94,48,57,12.140186673249845,4,2.311165141895946,0,364,12,31,0.8125656014256641,4
1721,56,33,111,12.497589396087683,3650,70,23,52,12.724488128778965,2,0.807899220420973,0,1929,41,19,0.22689873269128213,2
3285,119,29,102,11.31939688385893,1862,70,76,70,11.536704821536029,1,2.2467499138751568,0,1423,32,41,0.21730793767709855,3
3328,103,94,103,12.495676638447577,2978,82,100,47,11.535219278864492,1,0.8004550377222905,0,350,21,47,0.960457359583085,2
1684,24,57,109,13.0562673304978,2095,74,65,71,12.004826198133602,0,1.1044983974500084,0,411,35,14,1.0514411323641983,2
1496,68,60,75,13.414767420466646,1834,75,97,63,11.691328832600718,0,0.498201090681468,0,338,0,3,1.7234385878659282,3
3162,64,44,88,12.541942172662136,810,84,8,25,12.596515277139668,3,2.3170638202072213,0,2352,4,19,0.05457310447753194,4
3188,51,51,117,12.81028960056129,2250,83,24,64,11.661745573045597,0,1.5142454117375008,0,938,34,13,1.148544027515694,2
3854,7,79,72,12.494700086021767,1381,72,69,60,11.86059891000728,2,2.147314066598119,0,2473,0,19,0.6341011760144877,2
3925,72,52,103,11.666909485598723,1154,85,64,29,12.162967711997608,4,2.3481126271973425,0,2771,18,23,0.4960582263988851,4
2209,14,95,92,13.40250197436323,2522,89,26,28,11.13113518429169,3,1.0132690264880138,0,313,3,67,2.2713667900715393,4
3701,34,44,115,10.540137587380425,1117,88,82,41,11.405315751270468,2,2.6496140626607865,0,2584,27,3,0.8651781638900431,3
1310,75,91,85,12.455216023995657,1907,87,97,74,11.313585894873869,1,3.9718934330254125,0,597,2,17,1.141630129121788,2
954,114,43,117,11.969907337034662,2820,77,83,44,12.648161168423776,4,2.6997025759686615,0,1866,40,1,0.6782538313891138,4
2483,98,70,93,11.898527724153336,692,87,86,27,12.674368499268544,3,0.18381626770835835,0,1791,6,43,0.7758407751152081,4
2791,5,82,76,11.998555146596857,3522,92,113,78,11.471454647087942,2,3.0363352345198344,0,731,16,4,0.527100499508915,2
1054,26,35,114,11.646287439909456,2903,91,16,50,11.323805525720758,0,1.512611858047853,0,1849,23,15,0.32248191418869787,2
3153,29,43,71,11.154163995755116,2542,94,112,28,11.463022279934277,2,1.814629702780766,0,611,23,15,0.30885828417916095,3
1802,72,88,99,12.815288224271596,1960,84,11,58,12.280857671084494,3,2.176749797407686,0,158,15,30,0.5344305531871019,4
2025,44,45,71,12.26542441450597,659,84,65,37,12.645560540756282,4,2.8380468339039244,0,1366,13,8,0.3801361262503118,4
3060,92,63,114,12.391360231223393,708,83,17,70,12.003283890553694,4,3.0134620962339396,0,2352,31,7,0.38807634066969854,4
2439,24,89,81,11.02094714052275,1135,70,2,64,11.811367301647095,2,2.7905268028566104,0,1304,11,25,0.7904201611243451,3
700,113,79,91,10.95062671751668,2302,94,106,56,12.561901235043837,2,3.0593978209518964,0,1602,3,23,1.611274517527157,3
2682,97,89,80,11.68756975818416,1179,71,46,40,11.439992263945253,2,2.6326488023967802,0,1503,9,49,0.2475774942389073,2
3966,54,34,110,12.331717364387359,822,80,11,58,12.425939597472462,2,0.820747083279656,0,3144,30,24,0.09422223308510347,2
1970,16,23,85,11.1981695109385,983,73,112,21,12.262557322691727,0,1.5231044254233521,0,987,12,2,1.0643878117532264,3
1978,98,64,101,11.582089479043404,1000,73,4,38,11.716837387484672,3,3.5874599267873553,0,978,28,26,0.13474790844126794,4
704,15,86,99,12.842440907803034,3671,93,109,57,12.883743768751986,1,0.8125944356122083,0,2967,6,29,0.04130286094895119,2
3371,112,76,85,13.495880488994668,2450,76,92,68,12.445926107117621,0,0.9736220952971979,0,921,9,8,1.049954381877047,2
3824,72,89,90,13.081471094043124,1576,79,64,68,11.033758207694774,3,1.2999951245190022,0,2248,11,21,2.04771288634835,4
1049,118,50,83,12.267071255081152,2735,90,88,50,11.374175709713125,3,1.7475690206915977,0,1686,7,0,0.8928955453680274,4
1679,77,90,96,10.962960874176456,1214,78,98,52,12.89859876989702,4,2.491626881852003,0,465,18,38,1.9356378957205642,4
3795,61,60,118,11.784859894647026,3006,89,93,20,11.477883393770608,0,2.14361179408373,0,789,29,40,0.30697650087641826,2
2794,100,57,106,11.95444069969259,1376,76,20,68,12.820869915828052,3,3.914359978588242,0,1418,30,11,0.8664292161354616,4
3060,83,36,70,11.768235698048127,738,87,31,26,12.162062679797907,1,3.747731484365803,0,2322,17,10,0.3938269817497808,2
1779,7,60,114,12.792671321430829,2809,82,71,66,11.469047687831367,2,3.660646248657979,0,1030,32,6,1.3236236335994622,2
1148,105,26,113,12.643777325931634,3088,79,11,34,11.37004189463047,4,2.227030056007313,0,1940,34,8,1.273735431301164,4
1978,73,49,81,13.308915924753354,2053,94,1,36,12.643253907109784,3,2.2859441860351293,1,75,13,13,0.6656620176435695,4
1657,105,84,83,12.70744059210782,2391,87,37,28,11.109062638350085,3,1.5338697064867945,0,734,4,56,1.5983779537577352,4
2366,45,55,101,12.340257378417634,2915,75,107,41,12.877421657994228,1,0.11955819358796038,0,549,26,14,0.5371642795765936,2
3833,27,24,93,11.571114156948314,845,79,51,49,11.625467259430689,1,0.25291336052054225,0,2988,14,25,0.05435310248237535,2
3520,69,63,80,11.372285674960324,2912,79,66,39,11.070404057744113,0,0.33028659844929686,0,608,1,24,0.30188161721621043,3
3043,65,57,116,12.897612623744669,3071,83,89,24,12.94705937445225,0,3.8722757736169795,0,28,33,33,0.04944675070758109,2
2919,97,52,101,11.65658674590161,1591,94,24,27,12.13625380337697,4,2.7230716607777534,0,1328,7,25,0.47966705747536054,4
2319,35,36,98,12.733326826429865,1172,77,9,26,12.046494282880966,1,3.0718175187187025,0,1147,21,10,0.6868325435488991,2
2621,87,83,115,11.386018796661814,2118,78,4,30,11.700834380026972,4,0.039347462906729636,1,503,37,53,0.31481558336515825,4
1103,12,20,75,12.401733017005206,629,70,38,61,12.127081335951805,0,1.5610825657135416,0,474,5,41,0.27465168105340076,2
3519,86,96,90,12.601651769302933,1225,80,4,38,11.74195931822683,0,0.7761647219770431,0,2294,10,58,0.8596924510761035,2
2262,115,66,116,10.749344815805738,1185,89,78,34,12.161483397564671,2,1.8831539645466253,0,1077,27,32,1.4121385817589331,3
2534,19,62,98,13.061383500721861,2455,93,118,77,12.97585314838953,1,0.11633959982963926,1,79,5,15,0.08553035233233075,4
3849,101,98,107,12.946972221202834,2650,87,77,44,12.621588180080822,2,1.1229517806324005,0,1199,20,54,0.32538404112201214,2
2391,48,41,115,12.913520005882784,3646,71,100,53,12.726430976723211,0,3.315637438416268,0,1255,44,12,0.18708902915957282,2
1662,66,86,85,11.320166150410671,2796,84,111,56,11.110473504579852,0,1.7983862127342114,0,1134,1,30,0.2096926458308186,3
1614,35,23,100,11.207658100194124,3655,91,25,35,12.199114542766607,2,0.895945264513792,0,2041,9,12,0.991456442572483,3
757,67,91,78,11.300091500357924,814,81,42,46,11.521176902463539,0,3.686076308721525,0,57,3,45,0.221085402105615,3
2037,1,39,105,11.770234078450404,2699,75,6,54,12.440808002222846,4,0.23806220076636242,1,662,30,15,0.6705739237724426,4
3562,53,97,75,12.123566458793361,2617,88,95,38,12.501419014834434,3,0.5291848947892777,0,945,13,59,0.3778525560410735,4
1011,110,58,77,12.437829684565445,1581,83,0,59,11.791038616378579,0,0.1659311520654594,0,570,6,1,0.6467910681868663,2
2239,116,74,71,10.641764813750683,2753,82,5,74,11.518734673065458,3,2.738388755230125,0,514,11,0,0.8769698593147748,4
1292,21,69,90,13.398733604514725,3026,85,88,20,12.605146735529189,0,1.8068561912115042,0,1734,5,49,0.7935868689855354,2
1845,75,84,98,10.561393377397799,2680,83,39,37,11.920073480399004,3,1.1300145217914772,0,835,15,47,1.3586801030012055,4
2127,36,91,91,12.049166544400963,2038,87,10,69,11.1742747907301,4,3.589439178261772,0,89,4,22,0.8748917536708625,4
3884,48,33,83,11.46971516114299,3504,76,100,60,11.44138247193036,4,2.9557533434147225,0,380,7,27,0.028332689212628992,4
3114,45,81,105,11.529932490476604,1545,90,80,58,11.854590646926594,0,0.9870690713078099,0,1569,15,23,0.3246581564499902,2
3601,32,39,77,11.760008322728465,1183,78,45,75,11.447512178545235,3,3.778994699547603,0,2418,1,36,0.31249614418323013,4
643,25,70,79,10.668288163579344,2483,85,93,34,11.32911712867155,3,1.1515569693160814,0,1840,6,36,0.6608289650922057,4
1398,76,78,93,12.00991125964724,3415,70,73,42,11.4107348122708,2,2.8019050749998238,0,2017,23,36,0.5991764473764398,2
3259,105,92,94,12.879035951573577,2552,82,85,78,11.96724724305292,2,0.4694215590319226,0,707,12,14,0.9117887085206569,2
1258,92,85,118,11.742716847256311,2525,80,93,63,12.153381164057134,1,1.8459305212260575,0,1267,38,22,0.4106643168008226,2
642,109,54,73,11.304058869290603,889,75,73,47,12.434128663684398,4,0.617630718417066,0,247,2,7,1.130069794393794,4
3233,72,91,94,10.54901603144889,2221,90,103,63,12.064182328931182,4,0.9239038222878584,0,1012,4,28,1.515166297482292,4
2469,57,93,114,13.148733743354278,3287,77,28,22,11.386790418739926,3,0.6526638026501104,0,818,37,71,1.7619433246143519,4
1773,104,93,78,12.880962735758207,3151,87,40,39,12.550738527752914,4,0.39428973852126425,0,1378,9,54,0.3302242080052924,4
1334,72,28,73,13.449366296733885,1156,73,112,54,12.693488349993341,4,0.5115869084510845,0,178,0,26,0.7558779467405436,4
2558,23,32,98,12.852252766425897,3727,77,84,53,11.55954841781466,0,1.058724945904154,0,1169,21,21,1.2927043486112364,2
2853,83,36,118,12.475933618001765,2630,83,50,38,12.500265650476367,2,2.185098491824382,0,223,35,2,0.024332032474601917,2
2315,27,57,83,13.091309880036867,991,81,5,28,12.358829246186081,1,1.7157333015074592,0,1324,2,29,0.7324806338507859,2
1957,97,72,113,13.417495467176312,714,76,78,78,12.609539267267262,1,1.6405314566395028,0,1243,37,6,0.8079561999090501,2
1869,5,40,78,11.471879640788696,1503,84,112,27,11.099583894708996,0,3.195288831408133,0,366,6,13,0.3722957460797005,3
2396,83,79,71,12.646694976455922,3074,85,115,37,11.99516744316914,2,0.35013884981290877,0,678,14,42,0.6515275332867816,2
2715,119,53,118,12.555333760595405,1862,77,13,49,11.786281338763205,4,3.913201591286503,1,853,41,4,0.7690524218321997,4
2398,96,85,83,12.468481548638357,1478,90,1,60,11.903239185003724,1,0.6782687391452167,0,920,7,25,0.5652423636346331,2
2110,88,43,119,13.087354402656025,3181,87,90,53,12.459054298687311,2,1.5627484611768931,0,1071,32,10,0.6283001039687139,2
1441,95,70,114,12.749669971049116,3584,90,98,36,12.122459745762454,2,3.2883505071418964,0,2143,24,34,0.627210225286662,2
2561,101,31,110,13.391332035613619,3495,72,16,79,12.726386917211428,2,3.5176742577928004,0,934,38,48,0.6649451184021906,2
2469,46,56,77,12.144089345847846,1583,76,62,54,11.321210592186286,1,0.25713841273049987,0,886,1,2,0.8228787536615592,2
2333,81,63,73,11.794244096208018,1807,78,116,21,11.55076865228951,4,1.237437442240393,0,526,5,42,0.24347544391850917,4
670,98,57,116,11.694706710319945,2369,85,77,73,11.819317434155133,0,0.18928671032639866,0,1699,31,16,0.1246107238351879,2
1978,92,26,76,11.14354928576708,3373,92,42,34,12.202251853739382,3,3.016081124606018,0,1395,16,8,1.0587025679723023,4
3566,81,32,77,10.595168965928158,1240,75,61,68,11.431532452909014,4,3.123828119317192,0,2326,2,36,0.836363486980856,4
1630,2,86,92,13.167448796661525,3311,79,1,25,12.089637391858679,0,3.0166224316172885,0,1681,13,61,1.077811404802846,2
1001,77,96,102,11.897732971798163,2637,77,47,61,12.063661237804048,0,3.3962946366067053,0,1636,25,35,0.16592826600588495,2
2312,14,62,110,12.665655432400472,3755,84,78,79,11.572070797663061,0,0.4304053084371682,0,1443,26,17,1.093584634737411,2
3031,78,52,114,10.922189770746549,1651,80,40,20,12.18983116392493,3,1.8817250825554726,1,1380,34,32,1.2676413931783816,4
1320,52,29,95,10.801820621634192,3443,80,28,26,12.959501434079781,3,1.6877012215627683,0,2123,15,3,2.157680812445589,4
2993,92,73,72,11.915006456558377,2101,93,16,54,12.262819537935728,3,0.6346694447190169,0,892,21,19,0.34781308137735145,4
2826,20,99,88,11.050481429047863,3030,76,21,68,11.497671593665334,4,3.254807944158786,0,204,12,31,0.44719016461747074,4
1417,49,76,80,10.588479361834626,2781,90,105,36,12.449060719476918,4,1.1026720594560198,0,1364,10,40,1.8605813576422925,4
1074,33,24,83,12.792840183903236,3727,89,75,73,12.951451891634058,4,0.15271356227983635,0,2653,6,49,0.158611707730822,4
668,36,93,87,12.241644917415487,2430,81,75,52,12.950131741041952,3,2.70333335430019,0,1762,6,41,0.7084868236264654,4
3296,48,25,93,12.592973856183786,2698,84,66,51,12.908898847278728,1,3.130118601460567,1,598,9,26,0.315924991094942,4
2259,25,44,76,11.072768004108562,1167,81,25,33,11.862232023972023,2,2.518738343499789,0,1092,5,11,0.7894640198634608,3
1010,114,62,104,11.797791592810203,2540,83,119,23,11.917899896383222,1,2.7250452922039767,0,1530,21,39,0.12010830357301927,2
2357,61,35,101,12.679563279401636,2775,71,17,62,11.008942015138718,0,1.2799669292081854,0,418,30,27,1.670621264262918,3
1136,80,63,83,11.767434601884448,2776,82,106,35,11.903288476549164,0,1.408802833549561,0,1640,1,28,0.13585387466471666,2
1087,0,61,74,11.606097581565226,966,71,91,22,11.779187094903236,0,2.0869844743400527,0,121,3,39,0.17308951333800948,0
2293,20,86,119,12.097364881191758,2031,78,118,29,11.223523284789284,2,0.1559627542085935,0,262,41,57,0.8738415964024746,2
2071,53,55,86,12.946521052457765,3592,70,100,53,12.367783481158554,1,3.9646002016208937,0,1521,16,2,0.5787375712992109,2
1444,62,83,80,11.060135047073688,2896,84,40,67,11.31522069406459,1,0.8241715331325628,0,1452,4,16,0.25508564699090286,3
3067,2,70,99,13.432098130453344,2902,71,105,22,11.123840646703401,4,1.3271489371768812,0,165,28,48,2.3082574837499426,4
1925,10,42,91,11.45401739044436,875,81,1,65,12.798745963136046,1,1.637663100684493,0,1050,10,23,1.344728572691686,3
3082,68,41,116,11.21729233346919,1597,82,91,33,12.650862972595629,2,0.1407985700684682,0,1485,34,8,1.4335706391264385,3
2930,7,62,97,12.404576639360684,2235,78,22,27,12.701173590940392,0,3.4800358512630276,0,695,19,35,0.29659695157970845,2
3217,76,82,115,11.72121016114304,1208,71,97,30,12.516511195945004,1,1.9725483973726265,0,2009,44,52,0.7953010348019642,2
1847,50,22,82,11.391284225203254,3205,92,78,26,12.126824853729206,3,0.5397456306040462,0,1358,10,4,0.7355406285259516,4
2436,84,34,88,11.417059681529969,1956,73,57,56,11.783523719227675,4,2.7460850395193845,0,480,15,22,0.36646403769770686,4
1397,8,77,90,11.620697707752072,3464,82,45,62,11.573500927848896,4,0.8701573460376162,0,2067,8,15,0.04719677990317628,4
663,52,22,73,12.32956508200137,3204,83,54,24,12.91819386657024,4,1.2929878488118312,0,2541,10,2,0.5886287845688702,4
3064,62,61,76,13.15223155002375,1950,74,98,44,12.75958801230667,1,3.067919827554071,0,1114,2,17,0.3926435377170794,2
1954,37,69,80,12.042268332277498,3210,80,115,31,11.216655386089734,0,0.8613910077116236,0,1256,0,38,0.8256129461877642,2
2401,37,98,110,13.121177926245995,1141,90,42,69,11.798597109437573,1,1.0178964692574213,0,1260,20,29,1.322580816808422,2
2026,92,22,73,12.905299370048107,2391,80,34,68,12.036008480745243,4,0.48246504703826565,0,365,7,46,0.8692908893028637,4
1725,56,41,90,11.08208186815933,615,77,107,57,12.220433909982555,0,0.12512702915812035,0,1110,13,16,1.1383520418232251,3
2777,97,21,83,11.962065896100828,1689,81,45,20,11.959829147255698,4,2.408322828077959,0,1088,2,1,0.00223674884512981,4
2922,92,20,73,10.99348692408707,3329,85,97,36,12.931570402747148,1,3.962263689026752,0,407,12,16,1.9380834786600776,3
3438,99,79,115,11.151515491087993,2853,89,66,27,11.68239848538649,3,2.553808158285912,0,585,26,52,0.5308829942984961,4
3517,23,97,78,12.186942753512168,969,73,58,42,12.627849169138074,2,2.1294478923260183,0,2548,5,55,0.44090641562590527,2
3519,65,44,75,12.112384698462547,1863,90,109,46,12.323929644884739,4,3.186205121696026,0,1656,15,2,0.21154494642219213,4
1548,24,84,95,11.980419937058116,2254,91,69,71,12.957166506574685,3,1.2064292539485062,0,706,4,13,0.9767465695165694,4
3629,7,68,89,12.626373113939213,2010,86,112,74,12.054374347343707,1,1.5287861319529812,0,1619,3,6,0.571998766595506,2
3286,21,92,117,10.600667574242264,1310,75,43,79,11.923646880484439,2,2.62486172007343,0,1976,42,13,1.3229793062421749,3
3049,105,98,94,10.752891211110208,3271,84,98,69,12.07790464156656,1,3.9232499485240795,0,222,10,29,1.3250134304563517,3
791,59,48,82,10.507648654128698,2268,85,47,62,11.871458699494719,4,1.6455944684551649,0,1477,3,14,1.3638100453660211,4
2888,89,93,78,13.479989410499943,2339,71,100,70,12.586966306434464,2,3.469051699006603,0,549,7,23,0.8930231040654792,2
1792,62,20,82,12.514636124787124,666,89,3,72,11.74452643238741,4,0.2328030215364052,0,1126,7,52,0.7701096923997142,4
881,100,79,71,12.570908190112611,2833,86,25,30,11.07057783726528,0,3.8028998578912994,0,1952,15,49,1.5003303528473317,3
3628,95,51,116,10.775856755567734,1393,88,42,44,11.48704734198499,2,0.4904770986445972,0,2235,28,7,0.7111905864172563,3
2898,53,22,90,11.700070543825849,1639,73,7,22,11.668091423230992,2,0.3563352428922859,0,1259,17,0,0.031979120594856525,2
1942,110,88,80,10.568418031187521,3565,86,35,65,11.40188996929406,3,1.616936084943808,0,1623,6,23,0.8334719381065394,4
1429,10,65,115,11.43186129747311,1918,88,109,42,11.505840446763457,2,2.6704812497927075,0,489,27,23,0.07397914929034677,3
1475,90,91,119,11.454086865313315,2476,84,41,42,12.293349479779478,0,1.8745390676950406,0,1001,35,49,0.839262614466163,3
1745,64,90,101,12.581914556499585,1680,82,40,63,12.799450814308841,2,2.2918128656711683,0,65,19,27,0.21753625780925567,2
3364,99,58,99,11.620838301322724,3154,84,113,57,12.953573947736816,0,2.0549003511620327,0,210,15,1,1.3327356464140916,1
1871,41,49,70,10.91375673980729,1883,75,28,44,12.479497232893538,3,1.4029052011100567,0,12,5,5,1.5657404930862473,4
3250,77,68,113,11.585836292059115,2170,90,19,52,12.350727084576192,0,0.027668517727454045,0,1080,23,16,0.7648907925170771,2
2313,60,70,91,13.42399469156173,1522,89,17,31,11.775067136033298,1,2.1284739639044115,0,791,2,39,1.6489275555284308,3
3056,43,64,87,12.647702583138495,3485,78,90,27,12.787175512488453,0,2.1529006559613326,0,429,9,37,0.13947292934995836,2
3731,31,87,72,12.374098175988482,1532,71,99,26,11.962578722556989,2,2.1045496952275733,0,2199,1,61,0.41151945343149343,2
2124,97,33,78,12.17969218705658,845,76,105,27,11.47110335179479,0,0.3419327190137267,0,1279,2,6,0.7085888352617893,2
1526,86,48,116,11.830225832132344,3645,70,96,74,11.02789766521862,1,3.2733717317360758,0,2119,46,26,0.8023281669137248,2
1015,111,54,83,12.680382698287739,1397,74,104,74,12.263898407320182,1,0.7133729210325299,0,382,9,20,0.41648429096755635,1
2947,71,85,99,12.545357755337093,3420,79,27,58,11.503737124261946,0,2.5979074542703873,0,473,20,27,1.0416206310751477,2
2009,0,75,88,13.046372519717789,869,79,103,71,12.458537148085615,2,2.315977643601843,0,1140,9,4,0.587835371632174,2
2754,2,76,98,13.15943981976777,3673,83,9,68,12.12124463574121,1,2.4286323520231,0,919,15,8,1.038195184026561,2
3639,65,53,92,10.744775441481927,2614,89,87,42,12.663002760574047,0,3.740023462255105,0,1025,3,11,1.9182273190921197,3
1003,26,75,114,12.512640970676614,2666,85,0,57,11.168619888578958,3,3.018271424510085,0,1663,29,18,1.3440210820976564,4
3776,50,86,107,12.844579789001902,3764,70,10,22,11.873503562587166,1,3.024834358835922,0,12,37,64,0.9710762264147359,2
3169,71,34,103,12.914457788221505,878,74,26,24,12.214819392656379,3,2.834393345014903,0,2291,29,10,0.6996383955651257,4
1883,8,44,101,11.099842704309062,1913,90,28,39,11.613419742980769,2,0.11298684967159911,0,30,11,5,0.5135770386717073,3
1493,117,26,94,11.045520560607253,1128,71,100,39,11.60867772991843,4,2.5125989286701125,0,365,23,13,0.563157169311177,4
2770,0,98,116,12.526119064719719,1739,75,117,22,11.925602995329566,4,2.116017131130397,0,1031,41,76,0.600516069390153,4
3438,107,42,109,13.342155479416029,3017,72,98,67,12.856053088319523,1,1.7002510952572885,0,421,37,25,0.4861023910965052,2
3002,99,75,111,12.231054072062241,1031,93,81,42,12.0010173739195,0,3.6693014181170764,0,1971,18,33,0.2300366981427402,2
1788,86,24,77,12.276714309874372,662,71,11,50,12.695760699684156,3,0.2520304650213485,0,1126,6,26,0.41904638980978426,4
1115,104,83,73,12.193533112796173,1882,83,38,30,11.46096537799426,2,0.6492368152680523,0,767,10,53,0.7325677348019131,2
2926,104,45,82,10.63871108053803,2105,84,85,42,12.713482531210355,4,1.5774245166312282,0,821,2,3,2.0747714506723245,4
3327,21,35,73,10.533360108267402,2258,81,74,56,12.852299815718476,1,1.2681803090058823,0,1069,8,21,2.318939707451074,3
3327,43,78,98,10.542768664289026,3272,78,91,46,11.676842696389935,3,1.1134413766711648,0,55,20,32,1.1340740321009086,4
2792,65,25,74,11.87901278559293,2962,76,0,23,12.775180994597973,1,2.2026305491688585,0,170,2,2,0.896168209005042,0
3084,75,33,91,11.535430261723683,3582,80,109,53,12.326839570390485,0,0.32215565852084804,0,498,11,20,0.7914093086668021,2
826,52,84,86,12.23479493075595,1923,92,3,66,12.67455387581574,0,1.530822525913349,1,1097,6,18,0.43975894505978985,4
1327,68,47,111,13.235866370958188,2643,90,66,52,12.69592237808271,4,2.5789812996236665,0,1316,21,5,0.5399439928754788,4
2989,39,91,86,11.503213222548208,3593,74,53,71,11.63577150249261,3,1.3852785846719566,0,604,12,20,0.1325582799444014,4
3110,84,37,104,12.482040054216583,3146,71,10,48,12.801977187794146,2,1.6656372537092863,0,36,33,11,0.3199371335775627,2
886,51,98,82,11.307917843375497,1690,71,87,34,11.00809680615246,1,1.6088171819460526,0,804,11,64,0.29982103722303677,3
1816,115,56,100,11.196231941345062,2202,73,85,67,11.473288636767556,1,2.7499906678183823,0,386,27,11,0.27705669542249467,3
3893,31,48,116,12.981192138600047,1712,94,8,27,11.619058719411388,0,3.8380668858450186,0,2181,22,21,1.362133419188659,2
1953,106,29,100,11.179535634964468,2422,73,69,38,12.127939680475325,4,3.942406777879675,0,469,27,9,0.9484040455108573,4
2765,95,38,75,11.416813115917357,2167,89,35,22,12.570726304699301,0,1.618280709929767,0,598,14,16,1.153913188781944,3
2800,89,93,114,10.577122187887944,2204,91,2,59,11.96430915755069,1,2.4638665616360322,0,596,23,34,1.3871869696627463,3
3922,32,99,95,12.21793354450201,1052,75,65,48,12.392442019693242,0,2.5252539460700594,0,2870,20,51,0.17450847519123158,2
3237,112,83,114,11.904575853570337,910,80,15,28,11.044890811215492,4,3.4689102894727797,0,2327,34,55,0.8596850423548457,4
819,41,54,84,13.38638628287475,3670,72,109,71,11.12646380134096,0,2.3577034196809286,0,2851,12,17,2.25992248153379,3
2866,76,35,95,12.881340528663742,2478,79,1,33,11.418799142400529,0,1.8998521532138364,0,388,16,2,1.4625413862632133,1
1608,16,32,80,11.179074499142049,3163,71,95,25,12.784011623658747,4,2.2603247559439508,0,1555,9,7,1.6049371245166988,4
2267,117,72,89,12.409208618368972,1016,75,19,39,12.505714266683631,2,3.415181074671719,0,1251,14,33,0.09650564831465935,2
627,104,97,99,12.849843441940955,719,84,87,68,12.535686099066634,2,3.839996126918575,0,92,15,29,0.31415734287432073,2
1680,118,57,82,12.498152712489157,1384,85,67,39,11.940404606014264,4,2.78656910666819,0,296,3,18,0.557748106474893,4
3461,113,74,108,13.37726936898052,2802,72,90,52,12.751575797689643,1,2.431250014135652,0,659,36,22,0.6256935712908778,2
1639,39,62,113,12.475768983472895,2406,94,111,61,11.138367356638222,3,1.2336839011854184,0,767,19,1,1.337401626834673,4
783,83,36,90,10.773307941365765,1398,72,29,65,11.968797681402144,0,0.36400056551199045,0,615,18,29,1.195489740036379,3
2686,27,39,80,11.087111468308509,3661,90,16,33,12.420299903096591,1,0.3693641172035922,0,975,10,6,1.3331884347880827,3
2913,3,36,87,10.878485962870199,2371,85,100,74,12.492535251346109,4,3.4220159119095945,0,542,2,38,1.6140492884759094,4
3460,63,72,110,11.040754970654925,2347,92,86,50,12.808425371474733,2,0.3697988512734396,0,1113,18,22,1.7676704008198083,3
2560,100,51,116,12.267352021576523,1443,92,49,73,12.697974122675731,1,2.399331728755586,0,1117,24,22,0.4306221010992086,2
1568,110,73,104,10.975730749610047,2295,89,74,64,12.989914219253018,4,0.12095323115487133,0,727,15,9,2.014183469642971,4
1632,46,66,88,10.863626548434068,3714,77,56,57,12.573173852944894,4,0.21714425787376745,0,2082,11,9,1.709547304510826,4
2298,29,29,89,11.3767161100421,1193,93,99,67,12.512531804720439,1,2.418431065254041,0,1105,4,38,1.1358156946783389,3
2395,51,97,115,11.679505903727721,1763,88,92,42,11.542056719187077,4,2.983805458700336,0,632,27,55,0.13744918454064425,4
954,44,38,114,11.510383011885759,727,93,77,34,12.75414101404504,0,3.581905703612873,0,227,21,4,1.2437580021592805,2
2103,63,27,104,10.876676259720996,2043,75,24,44,11.08272993300555,2,0.09478640600457267,0,60,29,17,0.20605367328455415,3
3347,95,62,113,12.704877228213135,1623,94,99,33,11.794938275872065,0,2.8988489431398654,0,1724,19,29,0.9099389523410704,2
2161,47,41,111,12.959157039846307,2450,76,20,70,11.865282305858463,1,3.4541332178716972,0,289,35,29,1.0938747339878443,2
2734,68,61,94,11.369138615954117,1418,81,98,72,11.904147652503198,4,2.042410607554525,0,1316,13,11,0.5350090365490807,4
3900,21,44,103,11.454814472278375,2243,74,89,49,11.70559630434766,1,2.156609356181478,0,1657,29,5,0.2507818320692845,3
918,103,64,88,11.2135639418074,950,86,113,66,12.47969457636323,0,1.7529551925861364,0,32,2,2,1.2661306345558287,3
3613,63,27,74,10.698994769183784,3537,78,117,56,12.06383774008129,1,1.3562505557631264,1,76,4,29,1.3648429708975058,4
1739,98,33,109,13.243116851580277,703,77,77,48,11.591742949311474,3,1.288616785690298,0,1036,32,15,1.6513739022688032,4
1428,25,43,80,12.331166367627496,3738,86,88,22,12.723394105097297,1,1.0863881574870753,0,2310,6,21,0.3922277374698009,2
1738,29,64,110,13.216573318560208,2011,70,48,51,11.012539468782595,1,0.33866444105896054,0,273,40,13,2.2040338497776126,3
3907,43,94,115,12.567769785037907,1850,88,114,28,12.389980494715829,3,1.3345526178282707,0,2057,27,66,0.17778929032207813,4
1961,75,87,102,10.865785688617109,3644,89,92,33,12.866089403163363,1,0.46419412029837526,0,1683,13,54,2.000303714546254,3
2320,13,56,78,11.421443364563904,1677,84,112,24,12.510904207348421,1,2.3631894973517276,0,643,6,32,1.0894608427845167,3
1175,71,68,92,11.7711724809378,1328,84,100,28,11.551168168583532,4,3.9067441139559076,0,153,8,40,0.2200043123542681,4
3188,27,71,110,10.945839742555224,609,93,83,41,11.844954741047143,4,1.3611297228381205,0,2579,17,30,0.8991149984919193,4
2258,81,85,114,13.222399522724325,1568,82,26,77,12.728059633749451,0,1.4549553058474527,0,690,32,8,0.49433988897487424,2
1684,41,39,92,12.046143652376207,837,92,103,52,11.293911390097799,3,0.16475599338533176,0,847,0,13,0.7522322622784081,4
2337,50,82,94,13.31022851418939,2447,85,75,24,11.094521144793646,2,2.249709254432723,0,110,9,58,2.2157073693957443,3
1269,22,93,78,11.75380843478669,1782,84,99,50,12.793074654900261,2,0.37376426542262386,0,513,6,43,1.0392662201135714,2
1470,99,56,116,11.63905365556026,2421,83,15,50,12.975847206016594,4,1.0650074335966973,0,951,33,6,1.336793550456333,4
3987,86,69,82,13.111767808923172,1401,92,33,53,11.326775145205142,3,1.6311431179063014,0,2586,10,16,1.7849926637180307,4
1575,105,60,108,12.063818475537396,2467,78,79,79,12.033495105740174,3,2.582124690420162,0,892,30,19,0.03032336979722139,4
2748,14,25,96,12.920465289756347,2377,80,8,52,12.230593189243994,4,3.982013488900725,0,371,16,27,0.6898721005123534,4
2134,114,30,82,12.269458603628063,3591,81,45,41,11.040622703409126,2,3.7441772416363484,0,1457,1,11,1.2288359002189377,2
3210,41,64,115,12.84670895587399,3715,89,59,69,12.98080584049856,2,1.783115531542519,0,505,26,5,0.13409688462457048,2
813,75,36,100,13.235467151471761,1671,79,76,22,12.59899928015542,2,3.3553300077152066,0,858,21,14,0.6364678713163414,2
2389,45,86,92,11.647405026643934,3507,78,16,43,12.3786457560176,4,2.9284165356127927,1,1118,14,43,0.7312407293736651,4
2146,3,27,105,13.300787587064567,2229,76,82,61,11.974546410963754,4,0.35129258350702175,0,83,29,34,1.3262411761008135,4
2521,52,78,86,13.226218510015048,3766,81,112,51,11.879534706671596,1,2.59992133415607,0,1245,5,27,1.3466838033434527,2
2414,56,23,115,13.448950797293024,1896,78,43,59,11.977283779117467,2,0.8764696741992863,0,518,37,36,1.4716670181755571,2
2712,79,85,79,12.405963573774796,1236,81,45,53,12.354577112714834,2,2.1254369823377317,0,1476,2,32,0.051386461059962585,2
3945,40,89,101,11.095989863440575,3152,81,7,35,12.773697582250364,2,3.16737519906605,0,793,20,54,1.6777077188097884,3
2294,103,93,72,12.403156872623482,2586,76,78,54,11.741267918988132,0,1.0917041101598008,0,292,4,39,0.6618889536353496,2
3468,90,70,99,12.419749958919086,2503,85,67,66,12.197410920835718,1,2.466028599489353,0,965,14,4,0.2223390380833674,2
3163,98,47,82,10.711717942440995,632,92,72,48,11.50405368667784,4,0.48900756551587277,0,2531,10,1,0.7923357442368459,4
1516,80,27,118,10.70520766774251,2061,93,3,23,11.318540039946976,4,2.1413603291351144,0,545,25,4,0.6133323722044661,4
3562,16,36,85,11.026367179398877,3192,93,50,73,12.457543817245892,2,2.580546104741053,0,370,8,37,1.431176637847015,3
3883,61,47,93,13.025277081205967,1823,94,13,42,12.057009901609177,2,1.4907577425743646,0,2060,1,5,0.9682671795967899,2
1393,114,64,108,12.038165464678034,2248,78,78,39,11.889698384360274,4,2.929070425494453,0,855,30,25,0.14846708031775968,4
3672,15,29,96,12.766778834518385,1134,77,101,45,12.512054706521218,0,0.2517208506482036,0,2538,19,16,0.2547241279971679,2
2976,118,34,103,11.85522737963482,1861,93,113,28,11.73935391327274,1,3.036615392006666,0,1115,10,6,0.11587346636208018,2
1156,4,78,119,13.412185651185949,1060,91,95,67,12.396780170334393,1,3.6421354263127728,0,96,28,11,1.0154054808515554,2
802,77,33,86,12.68890424972887,3705,87,33,71,12.506772124208977,0,0.7566135940562004,0,2903,1,38,0.18213212551989244,2
2703,20,68,98,11.346519681006141,2731,78,37,38,11.144710482403648,2,1.0757091010893753,0,28,20,30,0.20180919860249347,3
3013,15,98,72,12.292465486196098,1026,92,87,57,11.891150825422002,0,3.4123677997250734,0,1987,20,41,0.40131466077409605,2
693,21,57,119,11.237362661956489,2091,94,6,42,12.12565999405772,4,0.6219849476143424,0,1398,25,15,0.8882973321012315,4
